osm_id,osm_way_id,name,type,aeroway,amenity,admin_level,barrier,boundary,building,craft,geological,historic,land_area,landuse,leisure,man_made,military,natural,office,place,shop,sport,tourism,other_tags
966320,,Maldon Historic Reserve,multipolygon,,,,,,,,,,,,,,,wood,,,,,,
1247721,,Maldon Historic Reserve,multipolygon,,,,,,,,,,,,,,,wood,,,,,,
4207792,,Band Rotunda,multipolygon,,,,,,yes,,,,,,,,,,,,,,,"""wheelchair""=>""no"""
5644234,,,multipolygon,,,,,,,,,,,,,,,water,,,,,,
,10950936,Pond,,,,,,,,,,,,,,,,water,,,,,,"""water""=>""pond"""
,10951504,Former Penny School,,,,,,,yes,,,,,,,,,,,,,,,
,20789768,Maldon Transfer Station,,,,,,,,,,,,landfill,,,,,,,,,,
,23075623,,,,school,,,,,,,,,,,,,,,,,,,
,23075624,Maldon Swimming Pool,,,,,,,,,,,,,swimming_pool,,,,,,,swimming,,
,24443839,North British Mine,,,,,,,,,,,,,,,,,,,,,attraction,
,24443980,Maldon Hospital,,,hospital,,,,,,,,,,,,,,,,,,,"""emergency""=>""no"""
,27675553,Nuggetty Ranges,,,,,,,,,,,,,,,,wood,,,,,,
,28436788,Club House,,,,,,,yes,,,,,,,,,,,,,,,
,29132261,Maldon Railway Station,,,,,,,train_station,,,,,,,,,,,,,,,
,29369938,D.H. Gold Mine,,,,,,,,,,,,quarry,,,,,,,,,,
,29369940,Union Hill Gold Mine,,,,,,,,,,,,quarry,,,,,,,,,,
,29474211,Maldon Caravan & Camping Park,,,,,,,,,,,,,,,,,,,,,caravan_site,
,29474904,,,,,,,,,,,,,farmland,,,,,,,,,,
,31331291,Kangaroo Hotel,,,pub,,,,yes,,,,,,,,,,,,,,,
,31331293,,,,,,,,yes,,,,,,,,,,,,,,,
,31331298,,,,,,,,yes,,,,,,,,,,,,,,,
,31331458,Maldon Football Club,,,,,,,,,,,,,pitch,,,,,,,australian_football,,"""lit""=>""yes"""
,31331463,Maldon Netball Club,,,,,,,,,,,,,pitch,,,,,,,netball,,
,31331469,Maldon Tennis Club,,,,,,,,,,,,,pitch,,,,,,,tennis,,
,31331479,Old Court House,,,,,,,yes,,,,,,,,,,,,,,,
,31331484,Maldon Football / Netball Club,,,,,,,yes,,,,,,,,,,,,,,,
,31331489,,,,,,,,yes,,,,,,,,,,,,,,,
,31331500,Bill Woodfull Recreation Reserve,,,,,,,,,,,,,park,,,,,,,,,
,45165269,Maldon Bowls Club,,,,,,,,,,,,,pitch,,,,,,,bowls,,
,61793161,,,,,,,,,,,,,,,,,wood,,,,,,
,62171696,,,,,,,,,,,,,farmland,,,,,,,,,,
,66837760,,,,parking,,,,,,,,,,,,,,,,,,,
,66837769,,,,parking,,,,,,,,,,,,,,,,,,,
,66982148,,,,,,,,,,,,,,,,,water,,,,,,
,135505640,,,,,,,,,,,,,,,,,,,,,,,"""railway""=>""platform"""
,157811665,Tarrengower Prison Farm,,,prison,,,,,,,,,,,,,,,,,,,
,170831282,Octagonal Gold Processing Plant,,,,,,,,,,,,industrial,,,,,,,,,,
,192543633,The Butts Reserve,,,,,,,,,,,,,,,,,,,,,camp_site,
,197480974,Maldon Information Centre,,,,,,,yes,,,,,,,,,,,,,,information,"""information""=>""office"""
,201714053,Peg Leg Gully,,,,,,,,,,,,,nature_reserve,,,wood,,,,,,
,203983418,,,,parking,,,,,,,,,,,,,,,,,,,
,303470805,,,,,,,,yes,,,,,,,,,,,,,,,
,303470809,,,,,,,,yes,,,,,,,,,,,,,,,"""layer""=>""1"""
,313510820,Bendigo Bank,,,bank,,,,yes,,,,,,,,,,,,,,,
,313510849,Maldon Post Office,,,post_office,,,,yes,,,,,,,,,,,,,,,
,313510949,Holy Trinity Anglican Church,,,place_of_worship,,,,yes,,,,,,,,,,,,,,,"""religion""=>""christian"""
,313510950,,,,,,,,,,,,,churchyard,,,,,,,,,,
,313510951,Maldon Primary School,,,,,,,school,,,,,,,,,,,,,,,
,313510952,Maldon Police Station,,,police,,,,yes,,,,,,,,,,,,,,,
,313510955,,,,,,,,,,,,,,pitch,,,,,,,basketball,,
,313511068,,,,,,,,,,,,,churchyard,,,,,,,,,,
,313511069,St Brigids Catholic Church,,,place_of_worship,,,,yes,,,,,,,,,,,,,,,"""religion""=>""christian"""
,313511070,,,,,,,,church,,,,,,,,,,,,,,,
,313511071,Maldon Masonic Centre,,,,,,,yes,,,,,,,,,,,,,,,
,313511072,Maldon Masonic Centre,,,,,,,,,,,,,common,,,,,,,,,
,313511073,Sextons Cottage,,,,,,,house,,,,,,,,,,yes,,,,,
,313511171,,,,,,,,house,,,,,,,,,,,,,,,
,313511172,,,,,,,,house,,,,,,,,,,,,,,,
,313511173,,,,,,,,house,,,,,,,,,,,,,,,
,313512295,Lions Club of Maldon,,,,,,,yes,,,,,,,,,,,,,,,
,313512296,Old Shire Hall,,,,,,,yes,,,,,,,,,,,,,,,
,313512297,,,,shelter,,,,,,,,,,,,,,,,,,,
,313512298,,,,shelter,,,,,,,,,,,,,,,,,,,
,313512299,,,,,,,,yes,,,,,,,,,,,,,,museum,
,313512300,,,,,,,,yes,,,,,,,,,,,,,,museum,
,313512301,Maldon Mens Shed,,,,,,,shed,,,,,,,,,,,,,,,
,313512302,,,,,,,,yes,,,,,,,,,,,,,,museum,
,313512303,,,,,,,,yes,,,,,,,,,,,,,,museum,
,313512304,,,,,,,,yes,blacksmith,,,,,,,,,,,,,,
,314812059,,,,,,,,house,,,,,,,,,,,,,,,
,314812060,,,,,,,,house,,,,,,,,,,,,,,,
,314812061,,,,,,,,house,,,,,,,,,,,,,,,
,314812062,,,,,,,,house,,,,,,,,,,,,,,,
,314812063,Tarrangower Village,,,,,,,,,,,,residential,,,,,,,,,,
,314812064,Former Uniting Church,,,,,,,yes,,,,,,,,,,,,,,,
,314812065,Former Uniting Church Sunday School,,,,,,,yes,,,,,,,,,,,,,,,
,314812066,,,,,,,,house,,,,,,,,,,,,,,,
,314812067,,,,,,,,house,,,,,,,,,,,,,,,
,314812068,,,,,,,,shed,,,,,,,,,,,,,,,
,314812069,,,,,,,,house,,,,,,,,,,,,,,,
,314812083,Maldon Shire Gardens,,,,,,,,,,,,,park,,,,,,,,,
,314812084,Maldon Croquet Club,,,,,,,,,,,,,pitch,,,,,,,croquet,,"""surface""=>""grass"""
,314812085,Croquet Club Rooms,,,,,,,yes,,,,,,,,,,,,,,,
,314813201,,,,shelter,,,,,,,,,,,,,,,,,,,
,314813202,,,,,,,,yes,,,,,,,,,,,,,,,
,314813204,,,,,,,,house,,,,,,,,,,,,,,,
,314813206,,,,,,,,shed,,,,,,,,,,,,,,,
,314813211,,,,,,,,,,,,,,pitch,,,,,,,basketball,,
,314813212,,,,,,,,,,,,,grass,pitch,,,,,,,golf,,"""golf""=>""green"""
,314813213,Telephone Exchange,,,,,,,yes,,,,,,,,,,telecommunication,,,,,
,314813214,Telephone Exchange,,,,,,,yes,,,,,,,,,,telecommunication,,,,,
,314813215,,,,,,,,,,,,,grass,pitch,,,,,,,golf,,"""golf""=>""green"""
,314813216,,,,,,,,,,,,,,,,,water,,,,,,"""golf""=>""water_hazard"""
,314813217,,,,,,,,,,,,,grass,pitch,,,,,,,golf,,"""golf""=>""green"""
,314813218,,,,,,,,,,,,,grass,pitch,,,,,,,golf,,"""golf""=>""green"""
,314813219,,,,,,,,,,,,,grass,pitch,,,,,,,golf,,"""golf""=>""green"""
,314813220,,,,,,,,,,,,,grass,pitch,,,,,,,golf,,"""golf""=>""green"""
,314813221,,,,,,,,,,,,,,,,,water,,,,,,"""golf""=>""water_hazard"""
,314813222,,,,,,,,,,,,,grass,pitch,,,,,,,golf,,"""golf""=>""green"""
,314813224,,,,,,,,,,,,,grass,pitch,,,,,,,golf,,"""golf""=>""green"""
,314813225,,,,,,,,,,,,,grass,pitch,,,,,,,golf,,"""golf""=>""green"""
,314813226,,,,,,,,,,,,,grass,pitch,,,,,,,golf,,"""golf""=>""green"""
,314813227,,,,,,,,,,,,,grass,pitch,,,,,,,golf,,"""golf""=>""green"""
,314813228,,,,,,,,,,,,,grass,pitch,,,,,,,golf,,"""golf""=>""green"""
,314816027,,,,,,,,,,,,,grass,pitch,,,,,,,golf,,"""golf""=>""green"""
,314816028,,,,,,,,,,,,,grass,pitch,,,,,,,golf,,"""golf""=>""green"""
,314816029,,,,,,,,,,,,,grass,pitch,,,,,,,golf,,"""golf""=>""green"""
,314816030,,,,,,,,,,,,,grass,pitch,,,,,,,golf,,"""golf""=>""green"""
,314816031,,,,,,,,,,,,,grass,pitch,,,,,,,golf,,"""golf""=>""green"""
,314816032,,,,,,,,,,,,,,,,,water,,,,,,"""golf""=>""water_hazard"""
,314816033,,,,,,,,,,,,,grass,pitch,,,,,,,golf,,"""golf""=>""green"""
,314816034,,,,,,,,,,,,,grass,pitch,,,,,,,golf,,"""golf""=>""green"""
,314816035,,,,,,,,,,,,,grass,pitch,,,,,,,golf,,"""golf""=>""green"""
,314816036,,,,parking,,,,,,,,,,,,,,,,,,,
,314816037,,,,,,,,shed,,,,,,,,,,,,,,,
,314816038,,,,,,,,shed,,,,,,,,,,,,,,,
,314816039,Maldon Golf Course,,,,,,,,,,,,,golf_course,,,,,,,,,
,314816042,B Section,,,,,,,,,,,,cemetery,,,,,,,,,,
,314816043,A Section,,,,,,,,,,,,cemetery,,,,,,,,,,
,314816044,,,,toilets,,,,yes,,,,,,,,,,,,,,,
,314816045,C Section,,,,,,,,,,,,cemetery,,,,,,,,,,
,314816046,Rotunda,,,shelter,,,,,,,,,,,,,,,,,,,
,314816049,H Section,,,,,,,,,,,,cemetery,,,,,,,,,,
,314816050,G Section,,,,,,,,,,,,cemetery,,,,,,,,,,
,314816051,F Section,,,,,,,,,,,,cemetery,,,,,,,,,,
,314816052,E Section,,,,,,,,,,,,cemetery,,,,,,,,,,
,314816054,,,,parking,,,,,,,,,,,,,,,,,,,
,314816055,,,,parking,,,,,,,,,,,,,,,,,,,
,314818735,,,,,,,,shed,,,,,,,,,,,,,,,
,314818736,Deby Hill Blue Light Youth Camp,,,,,,,yes,,,,,,,,,,,,,,hostel,"""operator""=>""Blue Light Youth Camp"""
,314818737,Blue Light Youth Camp,,,,,,,yes,,,,,,,,,,,,,,,
,314818738,,,,,,,,yes,,,,,,,,,,,,,,,
,314818739,,,,,,,,yes,,,,,,,,,,,,,,,
,314818740,,,,,,,,yes,,,,,,,,,,,,,,,
,314818741,,,,,,,,yes,,,,,,,,,,,,,,,
,314818742,,,,parking,,,,,,,,,,,,,,,,,,,
,314818751,Derby Hill Blue Light Youth Camp,,,,,,,,,,,,,,,,,,,,,,
,314818752,Long Gully,,,,,,,,,,,,,park,,,,,,,,,
,314818753,Beehive Chimney,,,,,,,yes,,,,,,,,,,,,,,,
,314818760,,,,parking,,,,,,,,,,,,,,,,,,,
,314818761,Beehive Mine Reserve,,,,,,,,,,,,,park,,,,,,,,,
,314818763,,,,,,,,,,,,,,park,,,,,,,,,
,314818764,,,,,,,,,,,,,,park,,,,,,,,,
,314818765,Brass Band Room,,,,,,,yes,,,,,,,,,,,,,,,
,314818766,Senior Citizens Rooms,,,,,,,yes,,,,,,,,,,,,,,,
,314818767,,,,,,,,yes,,,,,,,,,,,,,,,
,314818768,Maldon Community Centre,,,community_centre,,,,yes,,,,,,,,,,,,,,,
,314818774,,,,,,,,shed,,,,,,,,,,,,,,,
,314818775,,,,,,,,house,,,,,,,,,,,,,,,
,314818776,Baptist Church,,,place_of_worship,,,,yes,,,,,,,,,,,,,,,"""denomination""=>""baptist"",""religion""=>""christian"""
,314818777,Baptist Sunday School,,,place_of_worship,,,,yes,,,,,,,,,,,,,,,"""denomination""=>""baptist"",""religion""=>""christian"""
,314818778,,,,,,,,,,,,,churchyard,,,,,,,,,,
,314818779,Calder House,,,,,,,house,,,,,,,,,,,,,,,
,314818780,,,,parking,,,,,,,,,,,,,,,,,,,
,314818782,,,,,,,,yes,,,,,,,,,,,,,,,
,314818783,,,,,,,,yes,,,,,,,,,,,,,,,
,314818784,,,,,,,,yes,,,,,,,,,,,,,,,
,314818785,,,,,,,,yes,,,,,,,,,,,,,,,
,314818786,,,,,,,,yes,,,,,,,,,,,,,,,
,314818787,,,,,,,,yes,,,,,,,,,,,,,,,
,314818788,Maldon Corner Store Milkbar,,,,,,,yes,,,,,,,,,,,,supermarket,,,
,314818789,,,,,,,,yes,,,,,,,,,,,,,,,
,314819989,,,,,,,,yes,,,,,,,,,,,,,,,
,314819990,,,,parking,,,,,,,,,,,,,,,,,,,
,314819993,,,,,,,,shed,,,,,,,,,,,,,,,"""operator""=>""Castlemaine bus lines"""
,314820264,,,,,,,,shed,,,,,,,,,,,,,,,
,314820265,Castlemaine Bus Lines,,,bus_station,,,,yes,,,,,,,,,,,,,,,
,314820267,,,,parking,,,,,,,,,,,,,,,,,,,
,314820268,,,,parking,,,,,,,,,,,,,,,,,,,
,314820270,,,,parking,,,,,,,,,,,,,,,,,,,
,314820851,,,,,,,,yes,,,,,,,,,,,,,,,
,314820852,,,,,,,,yes,,,,,,,,,,,,,,,
,314820853,,,,,,,,,,,,,,,,,water,,,,,,
,314820854,,,,,,,,,,,,,,,,,water,,,,,,
,314820855,,,,parking,,,,,,,,,,,,,,,,,,,
,314820856,Maldon Hotel,,,pub,,,,yes,,,,,,,,,,,,,,,
,314820857,Maldon Newsagency,,,,,,,yes,,,,,,,,,,,,kiosk,,,
,314820858,Maldon Fire Station,,,fire_station,,,,yes,,,,,,,,,,,,,,,"""operator""=>""CFA"""
,314827838,,,,,,,,,,,,,residential,,,,,,,,,,
,314827841,,,,,,,,,,,,,residential,,,,,,,,,,
,314827846,,,,,,,,,,,,,residential,,,,,,,,,,
,314827850,,,,,,,,,,,,,residential,,,,,,,,,,
,314827854,,,,,,,,,,,,,residential,,,,,,,,,,
,314827857,,,,,,,,,,,,,residential,,,,,,,,,,
,314827859,,,,,,,,,,,,,residential,,,,,,,,,,
,314827862,,,,,,,,,,,,,residential,,,,,,,,,,
,314827867,,,,,,,,,,,,,residential,,,,,,,,,,
,314827870,,,,,,,,,,,,,residential,,,,,,,,,,
,314827872,,,,,,,,,,,,,residential,,,,,,,,,,
,314827875,,,,,,,,,,,,,residential,,,,,,,,,,
,314827877,,,,,,,,,,,,,commercial,,,,,,,,,,
,314827879,,,,,,,,,,,,,commercial,,,,,,,,,,
,314827882,,,,,,,,,,,,,commercial,,,,,,,,,,
,314827885,,,,,,,,,,,,,commercial,,,,,,,,,,
,314827888,,,,,,,,,,,,,commercial,,,,,,,,,,
,314827890,,,,,,,,,,,,,commercial,,,,,,,,,,
,314827892,,,,,,,,,,,,,residential,,,,,,,,,,
,314827895,,,,,,,,,,,,,residential,,,,,,,,,,
,314827899,,,,,,,,,,,,,residential,,,,,,,,,,
,314829579,,,,,,,,,,,,,residential,,,,,,,,,,
,314829580,,,,,,,,,,,,,industrial,,,,,,,,,,
,314829581,,,,,,,,,,,,,industrial,,,,,,,,,,
,315274104,,,,,,,,,,,,,residential,,,,,,,,,,
,315274105,,,,,,,,,,,,,residential,,,,,,,,,,
,315274106,,,,,,,,,,,,,residential,,,,,,,,,,
,315274107,,,,,,,,,,,,,residential,,,,,,,,,,
,315274108,,,,,,,,,,,,,residential,,,,,,,,,,
,315274109,,,,,,,,,,,,,residential,,,,,,,,,,
,315274110,,,,,,,,,,,,,residential,,,,,,,,,,
,315274111,,,,,,,,,,,,,residential,,,,,,,,,,
,315274112,,,,,,,,,,,,,residential,,,,,,,,,,
,315274113,,,,,,,,,,,,,residential,,,,,,,,,,
,315274114,,,,,,,,,,,,,residential,,,,,,,,,,
,315274115,,,,,,,,,,,,,residential,,,,,,,,,,
,315274116,,,,,,,,yes,,,,,,,,,,,,,,,
,315274117,,,,,,,,,,,,,,playground,,,,,,,,,
,315274118,,,,,,,,yes,,,,,,,,,,,,,,,
,315274119,,,,,,,,yes,,,,,,,,,,,,,,,
,315274120,,,,,,,,yes,,,,,,,,,,,,,,,
,315274121,,,,,,,,yes,,,,,,,,,,,,,,,
,315274122,,,,,,,,yes,,,,,,,,,,,,,,,
,315274123,,,,,,,,yes,,,,,,,,,,,,,,,
,315274124,,,,,,,,,,,,,residential,,,,,,,,,,
,315274125,Atheneaum Library,,,library,,,,yes,,,,,,,,,,,,,,,
,315274126,RSL Sub-Branch,,,,,,,yes,,,,,,,,,,,,,,,
,315274128,,,,,,,,,,,,,residential,,,,,,,,,,
,315274135,,,,,,,,,,,,,residential,,,,,,,,,,
,315274136,,,,,,,,,,,,,residential,,,,,,,,,,
,315274137,,,,,,,,,,,,,,park,,,,,,,,,
,315274138,,,,,,,,,,,,,residential,,,,,,,,,,
,315274139,,,,,,,,,,,,,residential,,,,,,,,,,
,315274140,,,,,,,,,,,,,residential,,,,,,,,,,
,315274141,,,,,,,,,,,,,residential,,,,,,,,,,
,315274142,,,,,,,,,,,,,residential,,,,,,,,,,
,315274143,Eaglehawk Motel,,,,,,,,,,,,residential,,,,,,,,,motel,"""website""=>""www.maldoneaglehawk.com"""
,315274144,,,,,,,,,,,,,residential,,,,,,,,,,
,315274145,,,,,,,,,,,,,residential,,,,,,,,,,
,315274146,,,,,,,,,,,,,residential,,,,,,,,,,
,315274147,,,,,,,,,,,,,residential,,,,,,,,,,
,315274148,,,,,,,,,,,,,residential,,,,,,,,,,
,315274149,,,,,,,,,,,,,residential,,,,,,,,,,
,315274150,,,,,,,,,,,,,residential,,,,,,,,,,
,315274151,,,,,,,,,,,,,residential,,,,,,,,,,
,315274152,,,,,,,,,,,,,residential,,,,,,,,,,
,315274153,,,,,,,,,,,,,residential,,,,,,,,,,
,315274154,,,,,,,,,,,,,residential,,,,,,,,,,
,315274155,,,,,,,,,,,,,residential,,,,,,,,,,
,315274156,,,,,,,,yes,,,,,,,,,,,,,,,
,315274157,,,,,,,,,,,,,farmland,,,,,,,,,,
,315274158,,,,,,,,,,,,,farmland,,,,,,,,,,
,315274159,,,,,,,,,,,,,residential,,,,,,,,,,
,315274160,,,,,,,,,,,,,farmland,,,,,,,,,,
,315274161,,,,,,,,,,,,,residential,,,,,,,,,,
,315274162,,,,,,,,,,,,,residential,,,,,,,,,,
,315274163,,,,parking,,,,,,,,,,,,,,,,,,,
,315274164,,,,,,,,,,,,,residential,,,,,,,,,,
,315274165,,,,,,,,,,,,,residential,,,,,,,,,,
,315274166,,,,,,,,,,,,,residential,,,,,,,,,,
,315274167,,,,,,,,,,,,,residential,,,,,,,,,,
,315274168,,,,,,,,,,,,,farmland,,,,,,,,,,
,315274169,,,,,,,,,,,,,vineyard,,,,,,,,,,
,315275292,,,,,,,,,,,,,farmland,,,,,,,,,,
,315275293,,,,,,,,,,,,,farmland,,,,,,,,,,
,315275294,,,,,,,,,,,,,farmland,,,,,,,,,,
,315275295,,,,,,,,,,,,,,,,,water,,,,,,
,315278328,,,,,,,,,,,,,residential,,,,,,,,,,
,315282103,,,,,,,,shed,,,,,,,,,,,,,,,
,315282104,,,,,,,,yes,,,,,,,,,,,,,,,
,315551609,,,,,,,,shed,,,,,,,,,,,,,,,
,315551610,,,,,,,,house,,,,,,,,,,,,,,,
,315551611,,,,,,,,shed,,,,,,,,,,,,,,,
,315551612,,,,,,,,shed,,,,,,,,,,,,,,,
,315551613,,,,,,,,shed,,,,,,,,,,,,,,,
,315551614,,,,,,,,house,,,,,,,,,,,,,,,
,315551615,,,,,,,,shed,,,,,,,,,,,,,,,
,315551616,,,,,,,,house,,,,,,,,,,,,,,,
,315551617,,,,,,,,shed,,,,,,,,,,,,,,,
,315551618,,,,,,,,shed,,,,,,,,,,,,,,,
,315551619,,,,,,,,house,,,,,,,,,,,,,,,
,315551620,,,,,,,,house,,,,,,,,,,,,,,,
,315551621,,,,,,,,shed,,,,,,,,,,,,,,,
,315551622,,,,,,,,house,,,,,,,,,,,,,,,
,315551623,,,,,,,,house,,,,,,,,,,,,,,,
,315551624,,,,,,,,shed,,,,,,,,,,,,,,,
,315551625,,,,,,,,shed,,,,,,,,,,,,,,,
,315551626,,,,,,,,shed,,,,,,,,,,,,,,,
,315551627,,,,,,,,shed,,,,,,,,,,,,,,,
,315551628,,,,,,,,house,,,,,,,,,,,,,,,
,315551629,,,,,,,,shed,,,,,,,,,,,,,,,
,315551630,,,,,,,,house,,,,,,,,,,,,,,,
,315551631,,,,,,,,shed,,,,,,,,,,,,,,,
,315551632,,,,,,,,house,,,,,,,,,,,,,,,
,315551633,,,,,,,,house,,,,,,,,,,,,,,,
,315551634,,,,,,,,shed,,,,,,,,,,,,,,,
,315551635,,,,,,,,shed,,,,,,,,,,,,,,,
,315551636,,,,,,,,house,,,,,,,,,,,,,,,
,315551637,,,,,,,,shed,,,,,,,,,,,,,,,
,315551638,,,,,,,,house,,,,,,,,,,,,,,,
,315551639,,,,,,,,house,,,,,,,,,,,,,,,
,315551640,,,,,,,,shed,,,,,,,,,,,,,,,
,315551641,,,,,,,,commercial,,,,,,,,,,,,,,,
,315551642,,,,,,,,commercial,,,,,,,,,,,,,,,
,315551643,,,,,,,,commercial,,,,,,,,,,,,,,,
,315551644,,,,,,,,commercial,,,,,,,,,,,,,,,
,315551645,,,,,,,,commercial,,,,,,,,,,,,,,,
,315551646,,,,,,,,shed,,,,,,,,,,,,,,,
,315551647,,,,,,,,shed,,,,,,,,,,,,,,,
,315551648,,,,,,,,commercial,,,,,,,,,,,,,,,
,315551649,,,,,,,,house,,,,,,,,,,,,,,,
,315551650,,,,,,,,shed,,,,,,,,,,,,,,,
,315551651,,,,,,,,commercial,,,,,,,,,,,,,,,
,315551663,CFA Parking,,,parking,,,,,,,,,,,,,,,,,,,"""access""=>""permissive"""
,315551726,,,,,,,,house,,,,,,,,,,,,,,,
,315551727,,,,,,,,shed,,,,,,,,,,,,,,,
,315551728,,,,,,,,house,,,,,,,,,,,,,,,
,315551729,,,,,,,,shed,,,,,,,,,,,,,,,
,315551730,,,,,,,,shed,,,,,,,,,,,,,,,
,315551731,,,,,,,,shed,,,,,,,,,,,,,,,
,315551732,,,,,,,,house,,,,,,,,,,,,,,,
,315551733,,,,,,,,shed,,,,,,,,,,,,,,,
,315551734,,,,,,,,house,,,,,,,,,,,,,,,
,315551735,,,,,,,,house,,,,,,,,,,,,,,,
,315551736,,,,,,,,shed,,,,,,,,,,,,,,,
,315551737,,,,,,,,house,,,,,,,,,,,,,,,
,315551738,,,,,,,,shed,,,,,,,,,,,,,,,
,315551739,,,,,,,,shed,,,,,,,,,,,,,,,
,315551740,,,,,,,,house,,,,,,,,,,,,,,,
,315551741,,,,,,,,house,,,,,,,,,,,,,,,
,315551894,,,,,,,,yes,,,,,,,,,,,,,,,
,315554092,,,,,,,,house,,,,,,,,,,,,,,,
,315554093,,,,,,,,house,,,,,,,,,,,,,,,
,315554094,,,,,,,,shed,,,,,,,,,,,,,,,
,315554095,,,,,,,,house,,,,,,,,,,,,,,,
,315554096,,,,,,,,house,,,,,,,,,,,,,,,
,315554097,,,,,,,,shed,,,,,,,,,,,,,,,
,315554098,,,,,,,,house,,,,,,,,,,,,,,,
,315554099,,,,,,,,shed,,,,,,,,,,,,,,,
,315554100,,,,,,,,house,,,,,,,,,,,,,,,
,315554101,,,,,,,,,,,,,,,,,water,,,,,,"""water""=>""lake"""
,315554102,,,,,,,,house,,,,,,,,,,,,,,,
,315554103,,,,,,,,shed,,,,,,,,,,,,,,,
,315554104,,,,toilets,,,,yes,,,,,,,,,,,,,,,
,315554106,,,,,,,,shed,,,,,,,,,,,,,,,
,315554108,,,,,,,,shed,,,,,,,,,,,,,,,
,315554109,,,,,,,,shed,,,,,,,,,,,,,,,
,315554112,,,,,,,,,,,,,,pitch,,,,,,,cricket,,"""surface""=>""paved"""
,315554113,,,,parking,,,,,,,,,,,,,,,,,,,
,315554216,,,,police,,,,yes,,,,,,,,,,,,,,,
,315554217,,,,,,,,kindergarten,,,,,,,,,,,,,,,
,315554218,Maldon Pre-School,,,kindergarten,,,,,,,,,,,,,,,,,,,
,315554219,Welsh Church,,,,,,,church,,,,,,,,,,,,,,,
,315554220,,,,,,,,house,,,,,,,,,,,,,,,
,315554249,,,,,,,,house,,,,,,,,,,,,,,,
,315554250,,,,,,,,house,,,,,,,,,,,,,,,
,315554251,,,,,,,,shed,,,,,,,,,,,,,,,
,315554252,,,,,,,,house,,,,,,,,,,,,,,,
,315554253,,,,,,,,house,,,,,,,,,,,,,,,
,315554254,,,,,,,,house,,,,,,,,,,,,,,,
,315554255,,,,,,,,shed,,,,,,,,,,,,,,,
,315554256,,,,,,,,shed,,,,,,,,,,,,,,,
,315554257,,,,,,,,shed,,,,,,,,,,,,,,,
,315556520,,,,,,,,,,,,,,,,,water,,,,,,"""water""=>""pond"""
,315556521,South German Dam,,,,,,,,,,,,,,,,water,,,,,,"""water""=>""pond"""
,315557053,,,,,,,,,,,,,,,,,water,,,,,,"""water""=>""pond"""
,315563293,,,,,,,,,,,,,residential,,,,,,,,,,
,315563294,,,,,,,,,,,,,residential,,,,,,,,,,
,315563295,,,,,,,,,,,,,residential,,,,,,,,,,
,315563296,,,,,,,,,,,,,,,,,wood,,,,,,
,315563297,,,,,,,,,,,,,,,,,wood,,,,,,
,315563298,,,,,,,,,,,,,residential,,,,,,,,,,
,315563299,,,,,,,,,,,,,,,,,wood,,,,,,
,315563300,,,,,,,,,,,,,residential,,,,,,,,,,
,315563301,,,,,,,,,,,,,residential,,,,,,,,,,
,315563302,,,,,,,,,,,,,residential,,,,,,,,,,
,315563303,,,,,,,,,,,,,farmland,,,,,,,,,,
,315563433,,,,,,,,,,,,,residential,,,,,,,,,,
,315563434,,,,,,,,house,,,,,,,,,,,,,,,
,315563435,,,,,,,,house,,,,,,,,,,,,,,,
,315563436,,,,,,,,house,,,,,,,,,,,,,,,
,315563437,,,,,,,,house,,,,,,,,,,,,,,,
,315563438,,,,,,,,shed,,,,,,,,,,,,,,,
,315563439,,,,,,,,shed,,,,,,,,,,,,,,,
,315563440,,,,,,,,shed,,,,,,,,,,,,,,,
,315563441,,,,,,,,house,,,,,,,,,,,,,,,
,315563442,,,,,,,,house,,,,,,,,,,,,,,,
,315563443,,,,,,,,shed,,,,,,,,,,,,,,,
,315563444,,,,,,,,house,,,,,,,,,,,,,,,
,315563445,,,,,,,,house,,,,,,,,,,,,,,,
,315563446,,,,,,,,house,,,,,,,,,,,,,,,
,315563447,,,,,,,,house,,,,,,,,,,,,,,,
,315563448,,,,,,,,shed,,,,,,,,,,,,,,,
,315563718,,,,,,,,,,,,,residential,,,,,,,,,,
,315563719,,,,,,,,,,,,,residential,,,,,,,,,,
,315563720,,,,,,,,,,,,,residential,,,,,,,,,,
,315698744,,,,,,,,,,,,,residential,,,,,,,,,,
,315698745,,,,,,,,,,,,,residential,,,,,,,,,,
,315698746,,,,,,,,,,,,,residential,,,,,,,,,,
,315698747,,,,,,,,,,,,,residential,,,,,,,,,,
,315698748,,,,,,,,,,,,,residential,,,,,,,,,,
,315698749,,,,,,,,,,,,,residential,,,,,,,,,,
,315698750,,,,,,,,,,,,,residential,,,,,,,,,,
,315698751,,,,,,,,,,,,,residential,,,,,,,,,,
,315698752,,,,,,,,,,,,,residential,,,,,,,,,,
,315698753,,,,,,,,,,,,,residential,,,,,,,,,,
,315698754,,,,,,,,,,,,,residential,,,,,,,,,,
,315698755,,,,,,,,,,,,,residential,,,,,,,,,,
,315698757,,,,,,,,,,,,,,,,,water,,,,,,
,315698762,,,,,,,,,,,,,farmland,,,,,,,,,,
,315698763,,,,,,,,,,,,,farmyard,,,,,,,,,,
,315698764,,,,,,,,,,,,,farmyard,,,,,,,,,,
,315698765,,,,,,,,,,,,,farmyard,,,,,,,,,,
,315698766,,,,,,,,,,,,,,,,,water,,,,,,
,315698767,,,,,,,,shed,,,,,,,,,,,,,,,
,315698768,,,,,,,,house,,,,,,,,,,,,,,,
,315698769,,,,,,,,,,,,,,,,,water,,,,,,
,315698770,,,,,,,,shed,,,,,,,,,,,,,,,
,315698771,,,,,,,,,,,,,,,,,water,,,,,,
,315698772,,,,,,,,shed,,,,,,,,,,,,,,,
,315698773,,,,,,,,house,,,,,,,,,,,,,,,
,315698774,,,,,,,,shed,,,,,,,,,,,,,,,
,315698775,,,,,,,,shed,,,,,,,,,,,,,,,
,315699683,,,,,,,,,,,,,,,,,water,,,,,,
,315699684,,,,,,,,shed,,,,,,,,,,,,,,,
,315699685,,,,,,,,house,,,,,,,,,,,,,,,
,315699688,,,,,,,,house,,,,,,,,,,,,,,,
,315699695,,,,,,,,shed,,,,,,,,,,,,,,,
,315699708,,,,,,,,shed,,,,,,,,,,,,,,,
,315699709,,,,,,,,shed,,,,,,,,,,,,,,,
,315699710,,,,,,,,shed,,,,,,,,,,,,,,,
,315699711,,,,,,,,house,,,,,,,,,,,,,,,
,315699712,,,,,,,,shed,,,,,,,,,,,,,,,
,315699713,,,,,,,,shed,,,,,,,,,,,,,,,
,315699714,,,,,,,,shed,,,,,,,,,,,,,,,
,315699715,,,,,,,,shed,,,,,,,,,,,,,,,
,315699716,,,,,,,,shed,,,,,,,,,,,,,,,
,315699727,,,,,,,,,,,,,,,,,water,,,,,,
,315699730,,,,,,,,,,,,,,,,,water,,,,,,
,315700174,,,,,,,,shed,,,,,,,,,,,,,,,
,315700176,,,,,,,,house,,,,,,,,,,,,,,,
,315700178,,,,,,,,shed,,,,,,,,,,,,,,,
,315700180,,,,,,,,house,,,,,,,,,,,,,,,
,315700182,,,,,,,,shed,,,,,,,,,,,,,,,
,315700184,,,,,,,,house,,,,,,,,,,,,,,,
,315700185,,,,,,,,house,,,,,,,,,,,,,,,
,315700186,,,,,,,,house,,,,,,,,,,,,,,,
,315700187,,,,,,,,shed,,,,,,,,,,,,,,,
,315700194,,,,,,,,shed,,,,,,,,,,,,,,,
,315700195,,,,,,,,house,,,,,,,,,,,,,,,
,317036471,,,,,,,,,,,,,,,,,water,,,,,,
,317036472,,,,,,,,,,,,,,,,,water,,,,,,
,317036473,,,,,,,,,,,,,,,,,water,,,,,,
,317036493,,,,,,,,house,,,,,,,,,,,,,,,
,317039260,,,,,,,,shed,,,,,,,,,,,,,,,
,317039261,,,,,,,,shed,,,,,,,,,,,,,,,
,317039262,,,,,,,,shed,,,,,,,,,,,,,,,
,317039263,,,,,,,,shed,,,,,,,,,,,,,,,
,317039264,,,,,,,,house,,,,,,,,,,,,,,,
,317073280,16,,,,,,,,,,,,cemetery,,,,,,,,,,
,317073281,15,,,,,,,,,,,,cemetery,,,,,,,,,,
,317073282,14,,,,,,,,,,,,cemetery,,,,,,,,,,
,317073287,18a,,,,,,,,,,,,cemetery,,,,,,,,,,
,317073288,17,,,,,,,,,,,,cemetery,,,,,,,,,,
,317073289,18,,,,,,,,,,,,cemetery,,,,,,,,,,
,317073290,17a,,,,,,,,,,,,cemetery,,,,,,,,,,
,317073291,14a,,,,,,,,,,,,cemetery,,,,,,,,,,
,317073293,19,,,,,,,,,,,,cemetery,,,,,,,,,,
,317073294,J Section,,,,,,,,,,,,cemetery,,,,,,,,,,
,317073295,20,,,,,,,,,,,,cemetery,,,,,,,,,,
,317073296,21,,,,,,,,,,,,cemetery,,,,,,,,,,
,317073297,22,,,,,,,,,,,,cemetery,,,,,,,,,,
,317073298,23,,,,,,,,,,,,cemetery,,,,,,,,,,
,317073299,,,,,,,,,,,,,cemetery,,,,,,,,,,
,317073300,24,,,,,,,,,,,,cemetery,,,,,,,,,,
,317073301,24,,,,,,,,,,,,cemetery,,,,,,,,,,
,317073302,2,,,,,,,,,,,,cemetery,,,,,,,,,,
,317073303,1,,,,,,,,,,,,cemetery,,,,,,,,,,"""name_1""=>""Section 1"",""name_2""=>""Section 1, Old Portion, Maldon General Cemetery"""
,317073304,3,,,,,,,,,,,,cemetery,,,,,,,,,,
,317073475,4,,,,,,,,,,,,cemetery,,,,,,,,,,
,317073476,5,,,,,,,,,,,,cemetery,,,,,,,,,,
,317073477,6,,,,,,,,,,,,cemetery,,,,,,,,,,
,317073478,7,,,,,,,,,,,,cemetery,,,,,,,,,,
,317073479,8,,,,,,,,,,,,cemetery,,,,,,,,,,
,317073480,9,,,,,,,,,,,,cemetery,,,,,,,,,,
,317073488,10,,,,,,,,,,,,cemetery,,,,,,,,,,
,317073679,11,,,,,,,,,,,,cemetery,,,,,,,,,,
,317073680,12,,,,,,,,,,,,cemetery,,,,,,,,,,
,317073681,13,,,,,,,,,,,,cemetery,,,,,,,,,,
,317073682,14,,,,,,,,,,,,cemetery,,,,,,,,,,
,317073683,42,,,,,,,,,,,,cemetery,,,,,,,,,,
,317073684,43,,,,,,,,,,,,cemetery,,,,,,,,,,
,317073685,44,,,,,,,,,,,,cemetery,,,,,,,,,,
,317073686,45,,,,,,,,,,,,cemetery,,,,,,,,,,
,317073687,46,,,,,,,,,,,,cemetery,,,,,,,,,,
,317073688,46a,,,,,,,,,,,,cemetery,,,,,,,,,,
,317075552,40,,,,,,,,,,,,cemetery,,,,,,,,,,
,317075554,39,,,,,,,,,,,,cemetery,,,,,,,,,,
,317075557,38,,,,,,,,,,,,cemetery,,,,,,,,,,
,317075559,37,,,,,,,,,,,,cemetery,,,,,,,,,,
,317075560,36,,,,,,,,,,,,cemetery,,,,,,,,,,
,317075562,35,,,,,,,,,,,,cemetery,,,,,,,,,,
,317075565,34,,,,,,,,,,,,cemetery,,,,,,,,,,
,317075567,33,,,,,,,,,,,,cemetery,,,,,,,,,,
,317075569,32,,,,,,,,,,,,cemetery,,,,,,,,,,
,317075570,31,,,,,,,,,,,,cemetery,,,,,,,,,,
,317075571,30,,,,,,,,,,,,cemetery,,,,,,,,,,
,317077971,27,,,,,,,,,,,,cemetery,,,,,,,,,,
,317077973,25,,,,,,,,,,,,cemetery,,,,,,,,,,
,317077975,26,,,,,,,,,,,,cemetery,,,,,,,,,,
,317077978,28,,,,,,,,,,,,cemetery,,,,,,,,,,
,317077980,29,,,,,,,,,,,,cemetery,,,,,,,,,,
,317077982,30,,,,,,,,,,,,cemetery,,,,,,,,,,
,317077989,Public,,,,,,,,,,,,cemetery,,,,,,,,,,
,317077991,Public,,,,,,,,,,,,cemetery,,,,,,,,,,
,317077993,41a,,,,,,,,,,,,cemetery,,,,,,,,,,
,317077995,Old Portion,,,,,,,,,,,,cemetery,,,,,,,,,,
,317078252,Maldon General Cemetery,,,,,,,,,,,,cemetery,,,,,,,,,,"""website""=>""http://maldoncemetery.com/"""
,317078764,Bush Division,,,,,,,,,,,,cemetery,,,,,,,,,,
,317078765,Central Division,,,,,,,,,,,,cemetery,,,,,,,,,,
,317746118,Lawn Section,,,,,,,,,,,,cemetery,,,,,,,,,,
,317746119,Section D/3: Family Gardens,,,,,,,,,,,,cemetery,,,,,,,,,,
,317746120,Section D/1,,,,,,,,,,,,cemetery,,,,,,,,,,
,317746121,Section D/2,,,,,,,,,,,,cemetery,,,,,,,,,,
,317746122,Funeral Service Area,,,,,,,,,,,,cemetery,,,,,,,,,,
,317746252,Infants,,,,,,,,,,,,cemetery,,,,,,,,,,
,317746253,Section GA,,,,,,,,,,,,cemetery,,,,,,,,,,
,317746254,Chinese Area,,,,,,,,,,,,cemetery,,,,,,,,,,
,318645379,,,,,,,,house,,,,,,,,,,,,,,,
,318645380,,,,,,,,house,,,,,,,,,,,,,,,
,318645381,,,,,,,,house,,,,,,,,,,,,,,,
,318645384,,,,,,,,house,,,,,,,,,,,,,,,
,318645385,,,,,,,,house,,,,,,,,,,,,,,,
,318645386,,,,,,,,house,,,,,,,,,,,,,,,
,318645387,,,,,,,,house,,,,,,,,,,,,,,,
,318645389,,,,,,,,house,,,,,,,,,,,,,,,
,318645391,,,,,,,,house,,,,,,,,,,,,,,,
,318645392,,,,,,,,shed,,,,,,,,,,,,,,,
,318645393,,,,,,,,shed,,,,,,,,,,,,,,,
,318645394,,,,,,,,shed,,,,,,,,,,,,,,,
,318645395,,,,,,,,shed,,,,,,,,,,,,,,,
,318645396,,,,,,,,shed,,,,,,,,,,,,,,,
,318645397,,,,,,,,shed,,,,,,,,,,,,,,,
,318645398,,,,,,,,shed,,,,,,,,,,,,,,,
,318645399,,,,,,,,shed,,,,,,,,,,,,,,,
,318645400,,,,,,,,house,,,,,,,,,,,,,,,
,318645401,,,,,,,,shed,,,,,,,,,,,,,,,
,318645402,,,,,,,,shed,,,,,,,,,,,,,,,
,318645403,,,,,,,,house,,,,,,,,,,,,,,,
,318645425,,,,,,,,shed,,,,,,,,,,,,,,,
,343108330,,,,,,,,,,,,,residential,,,,,,,,,,
,343108331,,,,,,,,,,,,,residential,,,,,,,,,,
,358577130,,,,,,,,,,,,,,,,,water,,,,,,
,358577151,,,,,,,,,,,,,,,,,water,,,,,,
,359264873,,,,,,,,,,,,,,,,,water,,,,,,
,378114347,,,,,,,,house,,,,,,,,,,,,,,,
,378114348,,,,,,,,house,,,,,,,,,,,,,,,
,378114349,,,,,,,,house,,,,,,,,,,,,,,,
,378114350,,,,,,,,house,,,,,,,,,,,,,,,
,378114351,,,,,,,,house,,,,,,,,,,,,,,,
,378114352,,,,,,,,house,,,,,,,,,,,,,,,
,378114355,,,,,,,,house,,,,,,,,,,,,,,,
,378114356,,,,,,,,house,,,,,,,,,,,,,,,
,378114357,,,,,,,,house,,,,,,,,,,,,,,,
,378114358,,,,,,,,house,,,,,,,,,,,,,,,
,378114359,,,,,,,,house,,,,,,,,,,,,,,,
,378114360,,,,,,,,house,,,,,,,,,,,,,,,
,378114361,,,,,,,,house,,,,,,,,,,,,,,,
,378114362,,,,,,,,house,,,,,,,,,,,,,,,
,378114363,,,,,,,,house,,,,,,,,,,,,,,,
,378114364,,,,,,,,house,,,,,,,,,,,,,,,
,378114365,,,,,,,,house,,,,,,,,,,,,,,,
,378114366,,,,,,,,house,,,,,,,,,,,,,,,
,378115718,,,,,,,,public,,,,,,,,,,,,,,,
,378115720,,,,,,,,,,,,,industrial,,,,,,,,,,
,378116126,,,,,,,,,,,,,forest,,,,,,,,,,
,378116648,,,,,,,,,,,,,residential,,,,,,,,,,
,378116649,,,,,,,,,,,,,forest,,,,,,,,,,
,378116650,,,,,,,,,,,,,forest,,,,,,,,,,
,378117481,,,,,,,,,,,,,,,,,water,,,,,,
,378805859,,,,,,,,,,,,,,,,,,,island,,,,
,399355157,,,,,,,,house,,,,,,,,,,,,,,,
,399355158,,,,,,,,house,,,,,,,,,,,,,,,
,399355159,,,,,,,,shed,,,,,,,,,,,,,,,
,399355160,,,,,,,,house,,,,,,,,,,,,,,,
,399355161,,,,,,,,house,,,,,,,,,,,,,,,
,399355162,,,,,,,,shed,,,,,,,,,,,,,,,
,399355163,,,,,,,,house,,,,,,,,,,,,,,,
,399355164,,,,,,,,shed,,,,,,,,,,,,,,,
,399355165,,,,,,,,house,,,,,,,,,,,,,,,
,399355166,,,,,,,,shed,,,,,,,,,,,,,,,
,399355167,,,,,,,,house,,,,,,,,,,,,,,,
,399355168,,,,,,,,house,,,,,,,,,,,,,,,
,399355169,,,,,,,,shed,,,,,,,,,,,,,,,
,399355170,,,,,,,,shed,,,,,,,,,,,,,,,
,399355171,,,,,,,,house,,,,,,,,,,,,,,,
,399355172,,,,,,,,house,,,,,,,,,,,,,,,
,399355173,,,,,,,,house,,,,,,,,,,,,,,,
,399355174,,,,,,,,house,,,,,,,,,,,,,,,
,399355175,,,,,,,,shed,,,,,,,,,,,,,,,
,399355176,,,,,,,,house,,,,,,,,,,,,,,,
,399355177,,,,,,,,house,,,,,,,,,,,,,,,
,399355178,,,,,,,,shed,,,,,,,,,,,,,,,
,399355179,,,,,,,,house,,,,,,,,,,,,,,,
,399355180,,,,,,,,house,,,,,,,,,,,,,,,
,399360340,,,,,,,,house,,,,,,,,,,,,,,,
,399360341,,,,,,,,shed,,,,,,,,,,,,,,,
,430163305,,,,,,,,yes,,,,,,,,,,,,,,,
,430163309,,,,,,,,yes,,,,,,,,,,,,,,,
,430163311,,,,,,,,yes,,,,,,,,,,,,,,,
,430163313,,,,,,,,yes,,,,,,,,,,,,,,,
,430163316,,,,,,,,yes,,,,,,,,,,,,,,,
,430169249,,,,,,,,,,,,,railway,,,,,,,,,,
,506318369,,,,,,,,,,,,,forest,,,,,,,,,,
,525354452,,,,,,,,,,,,,forest,,,,,,,,,,
,525354453,,,,,,,,,,,,,forest,,,,,,,,,,
,525354454,,,,,,,,,,,,,forest,,,,,,,,,,
,525354455,,,,,,,,,,,,,forest,,,,,,,,,,
,533296016,,,,,,,,,,,,,residential,,,,,,,,,,
,533296017,,,,,,,,,,,,,residential,,,,,,,,,,
,533296162,,,,,,,,,,,,,farmland,,,,,,,,,,
,533297577,,,,,,,,,,,,,forest,,,,,,,,,,
,533297578,,,,,,,,,,,,,farmland,,,,,,,,,,
,533297579,,,,,,,,shed,,,,,,,,,,,,,,,
,533297580,,,,,,,,yes,,,,,,,,,,,,,,museum,
,533297581,,,,,,,,shed,,,,,,,,,,,,,,,
,533297584,,,,,,,,,,,,,residential,,,,,,,,,,
,533297671,,,,,,,,,,,,,residential,,,,,,,,,,
,533297672,,,,,,,,,,,,,farmland,,,,,,,,,,
,533297673,,,,,,,,,,,,,residential,,,,,,,,,,
,533297674,,,,,,,,,,,,,,park,,,,,,,,,
,533297805,,,,,,,,,,,,,farmland,,,,,,,,,,
,533297902,,,,,,,,,,,,,residential,,,,,,,,,,
,533297903,,,,,,,,,,,,,farmland,,,,,,,,,,
,533297904,,,,,,,,,,,,,farmland,,,,,,,,,,
,533297905,,,,,,,,,,,,,forest,,,,,,,,,,
,533297906,,,,,,,,,,,,,forest,,,,,,,,,,
,533298379,,,,,,,,,,,,,farmland,,,,,,,,,,
,533298610,,,,,,,,,,,,,farmland,,,,,,,,,,
,540107092,,,,,,,,shed,,,,,,,,,,,,,,,
,544268618,,,,,,,,house,,,,,,,,,,,,,,,
,544268619,,,,,,,,shed,,,,,,,,,,,,,,,
,544268620,,,,,,,,house,,,,,,,,,,,,,,,
,544268621,,,,,,,,shed,,,,,,,,,,,,,,,
,544268668,,,,,,,,house,,,,,,,,,,,,,,,
,544268669,,,,,,,,shed,,,,,,,,,,,,,,,
,544268670,,,,,,,,house,,,,,,,,,,,,,,,
,544268671,,,,,,,,house,,,,,,,,,,,,,,,
,544268672,,,,,,,,shed,,,,,,,,,,,,,,,
,544268673,,,,,,,,shed,,,,,,,,,,,,,,,
,544268816,,,,,,,,house,,,,,,,,,,,,,,,
,544268817,,,,,,,,shed,,,,,,,,,,,,,,,
,544268818,,,,,,,,house,,,,,,,,,,,,,,,
,544268819,,,,,,,,house,,,,,,,,,,,,,,,
,544268820,,,,,,,,house,,,,,,,,,,,,,,,
,544268821,,,,,,,,house,,,,,,,,,,,,,,,
,544268822,,,,,,,,shed,,,,,,,,,,,,,,,
,544268823,,,,,,,,house,,,,,,,,,,,,,,,
,544268824,,,,,,,,house,,,,,,,,,,,,,,,
,544268825,,,,,,,,house,,,,,,,,,,,,,,,
,544268826,,,,,,,,shed,,,,,,,,,,,,,,,
,544268827,,,,,,,,house,,,,,,,,,,,,,,,
,544268828,,,,,,,,shed,,,,,,,,,,,,,,,
,544268972,,,,,,,,house,,,,,,,,,,,,,,,
,544268973,,,,,,,,shed,,,,,,,,,,,,,,,
,544268974,,,,,,,,shed,,,,,,,,,,,,,,,
,544268975,,,,,,,,house,,,,,,,,,,,,,,,
,544268976,,,,,,,,shed,,,,,,,,,,,,,,,
,544268977,,,,,,,,shed,,,,,,,,,,,,,,,
,544268978,,,,shelter,,,,,,,,,,,,,,,,,,,
,544269020,,,,,,,,house,,,,,,,,,,,,,,,
,544269021,,,,,,,,yes,,,,,,,,,,,,,,,
,544269022,,,,,,,,yes,,,,,,,,,,,,,,,
